comments,likes,label,Bsentiment,Related_to_post
vaiar mto neta bangladesher sob jelay thakle desher obostha ar shrilankar mto hotona,2,Neutral,Normal_comment,1
sabash ostad ! Bangldesh tomake chay imraner mto,0,Nonbullying,Supportive,1
mashrafi vai k allah rohomot korun,0,Neutral,Normal_comment,1
ai manush ta k prodhanmontri howar shujug dewa hok,0,Neutral,Normal_comment,1
ekta neta emon howa dorkar . mashrafi neta howar joggota rakhe,0,Neutral,Normal_comment,1
mashrafi vai sob boos chilen achen boos e thakben,1,Neutral,Normal_comment,1
"sarajibon valobasa thakbe, ‡¶≠‡¶æ‡¶á ‡¶≤‡¶æ‡¶≠ ‡¶á‡¶â",0,Nonbullying,Supportive,1
‡¶ö‡¶Æ‡ßé‡¶ï‡¶æ‡¶∞ ‡¶≠‡¶ø‡¶°‡¶ø‡¶ì‡•§ khub valo laglo‡•§,2,Nonbullying,Supportive,1
sob kichu mile darun tomar kotha,3,Neutral,Normal_comment,1
onabik onabik osadharon lagche,1,Nonbullying,Supportive,1
yah allah apni sobaike bujhar towfik dan korun amin‡•§‡¶≠‡ßÅ‡¶≤  ‡¶π‡¶§‡ßá‡¶á ‡¶™‡¶æ‡¶∞‡ßá ‡¶è‡¶ü‡¶æ ‡¶®‡¶ø‡¶Ø‡¶º‡ßá ‡¶π‡¶æ‡¶∏‡¶ø ‡¶†‡¶æ‡¶ü‡ßç‡¶ü‡¶æ ‡¶®‡¶æ ‡¶ï‡¶∞‡¶æ‡¶á ‡¶≠‡¶æ‡¶≤‡ßã ‡•§,1,Neutral,Normal_comment,1
emon vul hole majhe majhe anondo o lage‚Ä¶,0,Neutral,Normal_comment,1
ami haste haste sesh,6,Nonbullying,Happy,1
osomvob k shomvob korte pare ekmatro allahtala,2,Neutral,Normal_comment,1
ek kothay osdharon hoiche aita,3,Nonbullying,Supportive,1
khub e moja pailam,0,Nonbullying,Happy,1
"ami onek khushi aj , kichu jinish dekhte pelam",1,Nonbullying,Happy,1
sheshta valoi chile,0,Neutral,Normal_comment,1
‡¶≠‡¶æ‡¶á love you,1,Nonbullying,Supportive,1
salam ‡¶≠‡¶æ‡¶á,1,Neutral,Normal_comment,1
moja pailam re vai,1,Nonbullying,Happy,1
moja peyechi‡•§,1,Nonbullying,Happy,1
"Allah tumi sohay how , janoartar fashi dewa hok",0,Neutral,Aggressive,1
jonoshomukkhe fashi karjokor kora hok,3,Bullying,Aggressive,1
hottakarike jonoshomukkhe fashi dewa hok,1,Bullying,Aggressive,1
choker pani onek bar atkate chailam kintu parlamna atkate,0,Nonbullying,Sad,1
shite shundor ekti natok upohar dewar jonno dhonnobak..‚Ä¶,4,Nonbullying,Supportive,1
bangla natoker pashe thakar jonno shobaike dhonnobad,1,Nonbullying,Supportive,1
borka gayer mohilar ovhinoy ta darun hoiche,28,Nonbullying,Supportive,1
natok ta dekhe haste haste sesh,13,Nonbullying,Happy,1
onek shundor ekta natok,30,Nonbullying,Supportive,1
natok dekhe haste haste sesh ami,1,Nonbullying,Happy,1
"‡¶π‡¶æ‡¶∏‡¶§‡ßá ‡¶π‡¶æ‡¶∏‡¶§‡ßá ‡¶™‡ßá‡¶ü ‡¶¨‡ßç‡¶Ø‡¶•‡¶æ ‡¶π‡¶Ø‡¶º‡ßá , natok ta onek sundor",82,Nonbullying,Happy,1
natok to natok e ki ek natok,19,Neutral,Normal_comment,1
depression a thaka manush der k bolchi shamim vai er natok dekhun mon valo hoye jabe,116,Neutral,Normal_comment,1
onek sundor hasi paiche natok dekhe,4,Nonbullying,Happy,1
"‡¶®‡¶æ‡¶ü‡¶ï‡¶ü‡¶æ ‡¶Ö‡¶®‡ßá‡¶ï ‡¶∏‡ßÅ‡¶®‡ßç‡¶¶‡¶∞, besh hasir natok",1,Nonbullying,Supportive,1
ek kothay osdharon chlo ,5,Nonbullying,Supportive,1
shamim vai apni osdharon lok!!,6,Nonbullying,Supportive,1
haste haste pet betha hoye geche,1,Nonbullying,Happy,1
oi oshadharon ovinoy shamim vai  k dia e shomvob,4,Neutral,Normal_comment,1
oenk moja paichi natok ta dekhe‡•§,4,Nonbullying,Supportive,1
oshamajik natok sustho somajer ongsho hote parena‡•§,1,Neutral,Normal_comment,1
amader bangla natok manei binodone vorpur,3,Neutral,Normal_comment,1
khub sundor ekta natok,2,Nonbullying,Supportive,1
natok ta ek kothay osadharon,3,Nonbullying,Supportive,1
ah allah dadar kanna shojjo hocchena,61,Nonbullying,Sad,1
ekjon baba mar kache er cheye koshter kichu hoyna,17,Nonbullying,Sad,1
"bortoman juge manush jati gula k bisshash kora day,,,,,",10,Neutral,Normal_comment,1
‡¶Ü‡¶≤‡¶π‡¶æ‡¶Æ‡¶¶‡ßÅ‡¶≤‡¶ø‡¶≤‡ßç‡¶≤‡¶æ‡¶π ‡¶è‡¶ñ‡¶®‡ßã ‡¶Ö‡¶®‡ßá‡¶ï‡¶ü‡¶æ ‡¶™‡¶• ‡¶¨‡¶æ‡¶ï‡¶ø ‡¶á‡¶®‡¶∂‡¶æ‡¶Ü‡¶≤‡ßç‡¶≤‡¶æ‡¶π ‡¶ï‡¶∑‡ßç‡¶ü ‡¶π‡ßã‡¶ï ‡¶ï‡ßç‡¶≤‡¶æ‡¶®‡ßç‡¶§ ‡¶π‡¶Ø‡¶º‡ßá ‡¶Ø‡¶æ‡¶¨ ‡¶ï‡¶ø‡¶®‡ßç‡¶§‡ßÅ ‡¶•‡ßá‡¶Æ‡ßá ‡¶•‡¶æ‡¶ï‡¶¨‡ßã ‡¶®‡¶æ ‡¶Ü‡¶≤‡ßç‡¶≤‡¶æ‡¶π ‡¶≠‡¶∞‡¶∏‡¶æ¬† ,1,Nonbullying,Normal_comment,1
Valo thakar ovinoyta sotti kosterüòî,9,Nonbullying,Sad,1
‡¶Æ‡¶ø‡¶•‡ßç‡¶Ø‡¶æ ‡¶π‡¶æ‡¶∏‡¶ø ‡¶¶‡¶ø‡ßü‡ßá ‡¶¨‡¶≤‡¶§‡ßá ‡¶π‡ßü ‡¶π‡ßç‡¶Ø‡¶æ ‡¶Ü‡¶Æ‡¶ø ‡¶Ö‡¶®‡ßá‡¶ï ‡¶≠‡¶æ‡¶≤‡ßã ‡¶Ü‡¶õ‡¶ø ,11,Nonbullying,Normal_comment,1
HmmüòÖüñêÔ∏è‡¶§‡¶æ‡¶∞ ‡¶™‡¶∞‡ßá‡¶ì ‡¶Æ‡ßÅ‡¶ñ‡ßá ‡¶è‡¶ï‡¶∞‡¶æ‡¶∂ ‡¶π‡¶æ‡¶∏‡¶ø ‡¶®‡¶ø‡¶Ø‡¶º‡ßá ‡¶¨‡¶≤‡¶§‡ßá ‡¶π‡¶Ø‡¶º ‡¶Ü‡¶Æ‡¶ø ‡¶Ö‡¶®‡ßá‡¶ï ‡¶≠‡¶æ‡¶≤‡ßã ‡¶Ü‡¶õ‡¶øüíîü´ÇüëÄ,2,Nonbullying,Normal_comment,1
‡¶ú‡¶ø‡¶¨‡¶®‡ßá ‡¶ï‡¶ø‡¶õ‡ßÅ ‡¶ï‡¶∞‡¶§‡ßá ‡¶π‡¶≤‡ßá ‡¶ï‡ßç‡¶≤‡¶æ‡¶®‡ßç‡¶§ ‡¶π‡¶ì‡ßü‡¶æ ‡¶ú‡¶æ‡¶¨‡ßá ‡¶®‡¶æ bro... ,2,Nonbullying,Normal_comment,1
"‡¶á‡¶§‡¶ø‡¶π‡¶æ‡¶∏‡ßá‡¶∞ ‡¶∏‡¶∞‡ßç‡¶¨‡¶∂‡ßç‡¶∞‡ßá‡¶∑‡ßç‡¶† ‡¶®‡¶ø‡¶ï‡ßÉ‡¶∑‡ßç‡¶ü‡¶§‡¶Æ ‡¶∂‡¶ø‡¶ï‡ßç‡¶∑‡¶æ‡¶Æ‡¶®‡ßç‡¶§‡ßç‡¶∞‡ßÄ,‡¶è‡¶á ‡¶®‡¶ø‡¶ï‡ßÉ‡¶∑‡ßç‡¶ü ‡¶∂‡¶ø‡¶ï‡ßç‡¶∑‡¶æ ‡¶Æ‡¶®‡ßç‡¶§‡ßç‡¶∞‡ßÄ ‡¶á‡¶∏‡¶≤‡¶æ‡¶Æ ‡¶ß‡ßç‡¶¨‡¶Ç‡¶∏‡ßá‡¶∞ ‡¶ö‡¶∞‡¶Æ ‡¶∑‡¶°‡¶º‡¶Ø‡¶®‡ßç‡¶§‡ßç‡¶∞ ‡¶ï‡¶∞‡ßá ‡¶Ø‡¶æ‡¶ö‡ßç‡¶õ‡ßá‡•§",0,Bullying,Aggressive,1
‡¶§‡¶æ‡¶∞‡ßá‡¶ï ‡¶ú‡¶ø‡ßü‡¶æ ‡¶ï‡ßã‡¶®‡ßã ‡¶ñ‡ßÅ‡¶® ‡¶ï‡¶∞‡ßá ‡¶®‡¶æ‡¶á. ‡¶ï‡¶ø‡¶®‡ßç‡¶§‡ßÅ ‡¶Ü‡¶™‡¶®‡¶æ‡¶∞ ‡¶®‡ßá‡¶§‡ßç‡¶∞‡ßÄ ‡¶∂‡ßá‡¶ñ ‡¶π‡¶æ‡¶∏‡¶ø‡¶®‡¶æ ‡¶ñ‡ßÅ‡¶®‡¶ø ‡¶ì mother of mafiya. ,3,Bullying,Aggressive,1
‡¶Æ‡¶æ‡¶®‡ßÅ‡¶∑‡ßá‡¶∞ ‡¶ú‡¶æ‡¶®‡¶Æ‡¶æ‡¶≤ ‡¶®‡¶ø‡¶Ø‡¶º‡ßá ‡¶ñ‡ßá‡¶≤‡¶≤‡ßá ‡¶è‡¶¨‡¶Ç ‡¶¨‡¶ø‡¶∂‡ßÉ‡¶ô‡ßç‡¶ñ‡¶≤‡¶æ ‡¶∏‡ßÉ‡¶∑‡ßç‡¶ü‡¶ø ‡¶ï‡¶∞‡¶≤‡ßá ‡¶¨‡¶ø‡¶è‡¶®‡¶™‡¶ø‡¶∞ ‡¶∏‡¶æ‡¶•‡ßá ‡¶ñ‡ßá‡¶≤‡¶æ ‡¶π‡¶¨‡ßá‡•§ ,1,Bullying,Aggressive,1
‡¶ï‡¶æ‡¶ó‡¶ú ‡¶™‡¶è ‡¶¨‡¶á ‡¶¶‡¶æ‡¶Æ ‡¶π‡¶æ‡¶§‡ßá‡¶∞ ‡¶®‡¶æ‡¶ó‡¶æ‡¶≤‡ßá ‡¶¨‡¶æ‡¶π‡¶ø‡¶∞‡ßá ‡¶∏‡¶∞‡¶ï‡¶æ‡¶∞‡ßá‡¶∞ ‡¶ï‡¶æ‡¶õ‡ßá ‡¶Ü‡¶Æ‡¶æ‡¶∞ ‡¶¶‡¶æ‡¶¨‡¶ø ‡¶â‡¶®‡ßç‡¶®‡ßü‡¶® ‡¶ï‡¶∞‡¶§‡ßá ‡¶π‡¶≤‡ßá ‡¶∂‡¶ø‡¶ï‡ßç‡¶∑‡¶æ ‡¶ñ‡¶æ‡¶§‡ßá ‡¶â‡¶®‡ßç‡¶®‡ßü‡¶® ‡¶ï‡¶∞‡¶§‡ßá ‡¶π‡¶¨‡ßá,0,Nonbullying,Normal_comment,1
Tomi comment Section kn off rakho apo ,0,Neutral,Normal_comment,
Amader o same obosta üòë karo tk nai karo family permission dibe na r amra meye gang bole jaytew partechi na... . Ay karo jonno amader jawa hocche na üò§,3,Neutral,Normal_comment,
Ai situatin ar sikar amra o ,2,Neutral,Normal_comment,
"Ami nei,, ma bokbe Parmission nai üòÇ",2,Neutral,Normal_comment,
Ata holo na porar bahana,3,Neutral,Normal_comment,
Khub sundor üòå,0,Nonbullying,Supportive,
Joy Maa Tara ,0,Nonbullying,Normal_comment,
Khub sundar lekha Sir. ,0,Nonbullying,Supportive,
Allah borosha kicho hobo nah vaiya apnr inshaallah ,6,Nonbullying,Supportive,
Sustho hoye otho onek poth chola baki a6eFrom kolkata ,9,Neutral,Normal_comment,
Ja hobe valo hobe vai onk pray kori‚ù§Ô∏è,2,Nonbullying,Supportive,
Duya roilo aponar jonn,0,Nonbullying,Supportive,
Allah tumk sustho korben in Sha Allah ü•∫ü•∫,1,Nonbullying,Supportive,
n sha allah viyaaa Onk.onk dowa valobasa roiloü•∞‚ù§Ô∏è,2,Nonbullying,Supportive,
Allah borosa üòî,0,Nonbullying,Supportive,
bhai Apni Akdom tension niben na amra shobai apner pashy asy allahor opor borsha rakhen r bhoy paben na ,1,Nonbullying,Supportive,
Tumar jonno onek doua ar valobasha,0,Nonbullying,Supportive,
Fi amanillah.. Abr fire ashbn vai amdr maje.. Apnk ashtei hobe Afridi vai. Pary for you.. ‚ù§Ô∏è,14,Nonbullying,Supportive,
Allah apnk susthota dan koruk apni jeno abr sadharon manus er pase darate paren doya roiloü§≤,1,Nonbullying,Supportive,
Best of luck vaii khuv taratari sustho hoye otho ‚ù§‚ù§,1,Nonbullying,Supportive,
Kicchu hobe na tomar ...üôÇ,0,Nonbullying,Normal_comment,
"Mone vorosa rakho,,üñ§",0,Nonbullying,Supportive,
Allah obossoi valo kichui likhe rekhechen üíô Best of luck ,0,Nonbullying,Supportive,
Doua kori inshallah apni shushtho hoye sov somoy amader majhe thakban apnar jonno onek doua ar valo basha‚ù§Ô∏è,1,Nonbullying,Supportive,
Masha Allah.. Apnar o Show off er jonno onek Valobasha o shuvo kamona roilo.‚Ä¶,4,Nonbullying,Supportive,
Comment ‡¶ó‡ßÅ‡¶≤‡¶æ ‡¶è‡¶§‡ßã ‡¶Ü‡¶∏‡¶§‡¶æ‡¶ó‡¶´‡¶ø‡¶∞‡ßÅ‡¶≤‡ßç‡¶≤‡¶æ‡¶π ‡¶ï‡ßá‡¶®‡ßã,0,Nonbullying,Normal_comment,
just chillay heshe dichi üòÜ ekdom uchit hoiche üòÜüòÜ,1,Nonbullying,Happy,
‡¶Ö‡¶®‡ßç‡¶Ø‡ßá‡¶∞ ‡¶â‡¶™‡¶∞‡ßá ‡¶™‡ßç‡¶∞‡¶æ‡¶Ç‡¶ï ‡¶ï‡¶∞‡¶≤‡ßá ‡¶ï‡ßá‡¶Æ‡¶® ‡¶≤‡¶æ‡¶ó‡ßá ‡¶è‡¶¨‡¶æ‡¶∞ ‡¶¨‡ßÅ‡¶ù‡¶õ‡ßá ‡¶¨‡ßá‡¶ö‡¶æ‡¶∞‡¶æ‡•§ Thank you Siam vai ü´°,1,Nonbullying,Supportive,
Personally ami apnake khub valo kore chini bhai..... take love ü•∞ü•Ä,1,Nonbullying,Supportive,
Hagl der akta movie o dakhini baler hero baler heroin,0,Bullying,Aggressive,
Ononto jolil sir khub sadharon sohoj sorol  manush. Ato pachal ar dorkar nae..,0,Nonbullying,Normal_comment,
"Ato paro bolaito tumi YouTuber, He is a Businessman!",0,Nonbullying,Normal_comment,
Comment gulo dekhlei bojha jay je ai video post korse takei sobai dhuye diseüòÑüòÑüòÑ,0,Nonbullying,Normal_comment,
Apnara jara   onar kotar  vul doresen    ..  Ata tik koren nai...  Onek somoy  ansoolikotar karone amn suna jay..  Tasara uni london teke boro hoyese unar vul  doren ki vabe‚Ä¶,0,Nonbullying,Normal_comment,
‡¶Ö‡¶®‡ßç‡¶Ø‡ßá‡¶∞ ‡¶≠‡ßÅ‡¶≤ ‡¶ß‡¶∞‡¶æ‡¶∞ ‡¶Ü‡¶ó‡ßá ‡¶®‡¶ø‡¶ú‡ßá‡¶∞ ‡¶¨‡¶æ‡¶Ç‡¶≤‡¶æ ‡¶â‡¶ö‡ßç‡¶ö‡¶æ‡¶∞‡¶£ ‡¶ó‡ßÅ‡¶≤‡ßã ‡¶Ü‡¶ó‡ßá ‡¶†‡¶ø‡¶ï ‡¶ï‡¶∞‡ßÅ‡¶® ‡•§ ‡¶¶‡ßá‡¶ñ‡ßá‡¶® ‡¶™‡¶æ‡¶∞‡ßá‡¶® ‡¶ï‡¶ø‡¶®‡¶æ!,0,Nonbullying,Normal_comment,
"Uni na bolen Manchester a porashuna korechen, tahole uchcharoner ai obosta keno.",0,Bullying,Normal_comment,
Zar zar Gramer bhasai .. Tar tar kase shuddho  bhasa,0,Nonbullying,Normal_comment,
Manush ta valo i think unake niye trolling ta koman..amon to onekei bole thake.. Ai je YouTuber tor ki kono shomoy kotha te vul hoy nai stupid ü§¨ü§¨....,0,Bullying,Normal_comment,
Shahosh thakle robot diye bolano bad diye nijer voice use koren to dekhi vi. Dekhi koto shuddho kore bolte paren.,0,Nonbullying,Normal_comment,
Vai vul apnk ke dhorte bolese.....ata vul na...ancholikota...... Se hoyto apnr moto smart houar jonno suddhovasay kotha bolenna but apnr theke valo moner manus seta bojha jay,0,Nonbullying,Normal_comment,
‡¶§‡ßÅ‡¶Æ‡¶ø ‡¶ï‡¶ø ‡¶π‡ßá‡¶§‡ßã ‡¶™‡¶æ‡¶∞‡ßã‡•§‡¶§‡ßÅ‡¶Æ‡¶æ‡¶∞ ‡¶¨‡ßÅ‡¶≤ ‡¶Ö‡ßü ‡¶®‡¶æ,0,Nonbullying,Normal_comment,
Sotti bolti oni lekha pora kora nai.uneducated man.,0,Nonbullying,Normal_comment,
Ak ta manos jokhon valo kaj kora sata bad deya  sa vol ke  bolsa sata neya pora na onno  news khojan,0,Nonbullying,Normal_comment,
oi sumondhi  tui paris je ato vul dhoris,0,Bullying,Aggressive,
